id;date_rejet;date_rjet_2;date_mise_validation;commentaire_rejet;commentaire_mise_validation;fichier_mise_validation;fichier_mise_validation_content_type;fichier_rejet;fichier_rejet_content_type;etat;etat_2;commentaire_rejet_2;fichier_rejet_2;fichier_rejet_2_content_type;plan_passation_id
1;2021-01-12;2021-01-12;2021-01-11;real-time Saint Barthelemy;Shoes copy;../fake-data/blob/hipster.png;image/png;../fake-data/blob/hipster.png;image/png;Sleek;redundant Cordoba Oro PCI;Computer Secured synergies;../fake-data/blob/hipster.png;image/png;1
2;2021-01-11;2021-01-11;2021-01-11;ROI;compressing internet solution transmit;../fake-data/blob/hipster.png;image/png;../fake-data/blob/hipster.png;image/png;Principal grid-enabled;infrastructures Associate functionalities;quantify Usability;../fake-data/blob/hipster.png;image/png;2
3;2021-01-11;2021-01-12;2021-01-12;Metal Wooden;Chair;../fake-data/blob/hipster.png;image/png;../fake-data/blob/hipster.png;image/png;Fresh;Buckinghamshire budgetary management;Profit-focused transform Small Soft Towels;../fake-data/blob/hipster.png;image/png;3
4;2021-01-12;2021-01-12;2021-01-11;transmit;efficient;../fake-data/blob/hipster.png;image/png;../fake-data/blob/hipster.png;image/png;bandwidth-monitored application Chair;neural-net;Licensed Concrete Salad Bangladesh withdrawal;../fake-data/blob/hipster.png;image/png;4
5;2021-01-12;2021-01-11;2021-01-11;Pakistan Rupee;transmitter;../fake-data/blob/hipster.png;image/png;../fake-data/blob/hipster.png;image/png;Strategist array channels;Avon;Shoes Coordinator United States of America;../fake-data/blob/hipster.png;image/png;5
6;2021-01-12;2021-01-12;2021-01-12;National Designer;Small Frozen;../fake-data/blob/hipster.png;image/png;../fake-data/blob/hipster.png;image/png;customer loyalty haptic Small Plastic Table;Tuna;cohesive Cambridgeshire;../fake-data/blob/hipster.png;image/png;6
7;2021-01-11;2021-01-11;2021-01-11;Orchestrator Awesome Wooden Fish Regional;impactful Agent violet;../fake-data/blob/hipster.png;image/png;../fake-data/blob/hipster.png;image/png;Granite Public-key;Chad;holistic;../fake-data/blob/hipster.png;image/png;7
8;2021-01-11;2021-01-12;2021-01-12;Dobra back-end bypass;Money Market Account clicks-and-mortar Shoes;../fake-data/blob/hipster.png;image/png;../fake-data/blob/hipster.png;image/png;fault-tolerant Rustic;AI navigate Dam;complexity;../fake-data/blob/hipster.png;image/png;8
9;2021-01-11;2021-01-11;2021-01-12;model Frozen;Massachusetts Small;../fake-data/blob/hipster.png;image/png;../fake-data/blob/hipster.png;image/png;expedite;monitor neural European Unit of Account 9(E.U.A.-9);Identity;../fake-data/blob/hipster.png;image/png;9
10;2021-01-11;2021-01-12;2021-01-12;Analyst Avon;Music withdrawal Developer;../fake-data/blob/hipster.png;image/png;../fake-data/blob/hipster.png;image/png;Executive tangible unleash;incubate;Visionary olive;../fake-data/blob/hipster.png;image/png;10
