id;date_debut;date_fin;commentaire;annee;date_creation;date_mise_validation;date_validation;statut;commentaire_mise_en_validation_ac;reference_mise_validation_ac;fichier_mise_validation_ac;fichier_mise_validation_ac_content_type;date_mise_en_validation_ccmp;fichier_mise_validation_ccmp;fichier_mise_validation_ccmp_content_type;reference_mise_validation_ccmp;date_validation_1;commentaire_validation;reference_validation;fichier_validation;fichier_validation_content_type;date_validation_2;date_rejet;date_publication;commentaire_publication;num_plan
1;2021-01-11;2021-01-11;1080p Games;71369;2021-01-11;2021-01-11;2021-01-12;connecting;Investor Vista;e-services program;../fake-data/blob/hipster.png;image/png;2021-01-11;../fake-data/blob/hipster.png;image/png;COM;2021-01-12;Louisiana;front-end;../fake-data/blob/hipster.png;image/png;2021-01-11;2021-01-11;2021-01-11;hacking magenta bypass;Refined Steel Bike Bridge Congolese Franc
2;2021-01-12;2021-01-12;Steel Chair;44617;2021-01-12;2021-01-11;2021-01-11;Keyboard Colorado SDD;SDR Fresh;24/365;../fake-data/blob/hipster.png;image/png;2021-01-11;../fake-data/blob/hipster.png;image/png;schemas Pound Sterling;2021-01-12;Chair Handcrafted Frozen Salad;Road;../fake-data/blob/hipster.png;image/png;2021-01-11;2021-01-11;2021-01-12;4th generation;neural-net Applications
3;2021-01-12;2021-01-11;Home Loan Account Gorgeous Rubber Chicken;7766;2021-01-12;2021-01-12;2021-01-11;Borders;Dynamic;deposit;../fake-data/blob/hipster.png;image/png;2021-01-12;../fake-data/blob/hipster.png;image/png;array;2021-01-11;Personal Loan Account;drive;../fake-data/blob/hipster.png;image/png;2021-01-12;2021-01-11;2021-01-11;Berkshire;Car Music Dynamic
4;2021-01-11;2021-01-12;seamless ADP;23420;2021-01-12;2021-01-12;2021-01-11;architect Money Market Account;Analyst;Mountain;../fake-data/blob/hipster.png;image/png;2021-01-11;../fake-data/blob/hipster.png;image/png;card client-driven Berkshire;2021-01-11;copy Switzerland;Realigned;../fake-data/blob/hipster.png;image/png;2021-01-11;2021-01-12;2021-01-12;Ergonomic Concrete Towels;Generic Configuration
5;2021-01-11;2021-01-11;interface;18430;2021-01-11;2021-01-12;2021-01-12;monitor Handmade;Movies morph parse;Wyoming;../fake-data/blob/hipster.png;image/png;2021-01-11;../fake-data/blob/hipster.png;image/png;Tactics withdrawal;2021-01-11;Keyboard payment;open-source array Sleek Cotton Chips;../fake-data/blob/hipster.png;image/png;2021-01-12;2021-01-11;2021-01-12;Bridge budgetary management;Incredible Fresh Chair payment Investment Account
6;2021-01-12;2021-01-11;Customer New Hampshire;10252;2021-01-11;2021-01-12;2021-01-12;Human Faroe Islands quantifying;well-modulated sensor;JBOD Bedfordshire;../fake-data/blob/hipster.png;image/png;2021-01-12;../fake-data/blob/hipster.png;image/png;payment;2021-01-12;Hungary drive Nauru;program Data;../fake-data/blob/hipster.png;image/png;2021-01-12;2021-01-11;2021-01-11;next generation;Research fuchsia Kenyan Shilling
7;2021-01-12;2021-01-12;Innovative;25547;2021-01-12;2021-01-12;2021-01-11;Accountability metrics Dynamic;interactive;Borders Regional Illinois;../fake-data/blob/hipster.png;image/png;2021-01-12;../fake-data/blob/hipster.png;image/png;Savings Account cross-platform Rhode Island;2021-01-12;hacking;Lilangeni architect;../fake-data/blob/hipster.png;image/png;2021-01-12;2021-01-11;2021-01-11;Mountains;Fiji Dollar
8;2021-01-12;2021-01-11;leverage Belarussian Ruble;84651;2021-01-11;2021-01-11;2021-01-11;Principal magenta;Architect Samoa moratorium;relationships Flat;../fake-data/blob/hipster.png;image/png;2021-01-11;../fake-data/blob/hipster.png;image/png;Botswana Human;2021-01-11;schemas Plastic;Outdoors brand;../fake-data/blob/hipster.png;image/png;2021-01-11;2021-01-12;2021-01-12;Incredible Administrator hack;Singapore Dollar Croatia
9;2021-01-11;2021-01-11;B2C;64124;2021-01-11;2021-01-12;2021-01-11;platforms multi-state;Bermudian Dollar (customarily known as Bermuda Dollar);Mobility;../fake-data/blob/hipster.png;image/png;2021-01-11;../fake-data/blob/hipster.png;image/png;Junction Stream;2021-01-12;Fresh Iraq;Rufiyaa;../fake-data/blob/hipster.png;image/png;2021-01-12;2021-01-11;2021-01-11;synthesizing communities blue;Directives
10;2021-01-11;2021-01-12;Optimization;90592;2021-01-12;2021-01-11;2021-01-11;Frozen;Human;Connecticut Assistant;../fake-data/blob/hipster.png;image/png;2021-01-11;../fake-data/blob/hipster.png;image/png;RSS;2021-01-11;gold neural programming;e-services parsing Savings Account;../fake-data/blob/hipster.png;image/png;2021-01-11;2021-01-12;2021-01-11;monitoring;Re-engineered Kiribati Future
