id;numero_plan;date_debut;date_fin;commentaire;annee;date_creation;date_mise_validation;date_validation;statut;commentaire_mise_en_validation_ac;reference_mise_validation_ac;fichier_mise_validation_ac;fichier_mise_validation_ac_content_type;date_mise_en_validation_ccmp;fichier_mise_validation_ccmp;fichier_mise_validation_ccmp_content_type;reference_mise_validation_ccmp;date_validation_1;commentaire_validation;reference_validation;fichier_validation;fichier_validation_content_type;date_validation_2;date_rejet;date_publication;commentaire_publication
1;Decentralized intuitive;2021-02-01;2021-02-01;Persevering;93166;2021-02-01;2021-02-01;2021-02-02;moderator;Fresh Borders Central;Games;../fake-data/blob/hipster.png;image/png;2021-02-02;../fake-data/blob/hipster.png;image/png;Shoes;2021-02-01;capacitor RAM Coordinator;Checking Account IB Grocery;../fake-data/blob/hipster.png;image/png;2021-02-01;2021-02-02;2021-02-01;Mountains Rand Checking Account
2;Concrete;2021-02-01;2021-02-02;Sausages Dynamic;67393;2021-02-02;2021-02-02;2021-02-02;intuitive;Chips calculate Spur;hack grey capacitor;../fake-data/blob/hipster.png;image/png;2021-02-01;../fake-data/blob/hipster.png;image/png;Pakistan Mill;2021-02-01;program programming;relationships Savings Account;../fake-data/blob/hipster.png;image/png;2021-02-01;2021-02-02;2021-02-01;plug-and-play
3;next-generation;2021-02-01;2021-02-01;Nuevo Sol Station;66790;2021-02-01;2021-02-02;2021-02-01;ADP;back up Kansas;turquoise override transform;../fake-data/blob/hipster.png;image/png;2021-02-02;../fake-data/blob/hipster.png;image/png;Regional Legacy;2021-02-02;flexibility;New Mexico Jewelery synthesizing;../fake-data/blob/hipster.png;image/png;2021-02-02;2021-02-02;2021-02-02;communities Intranet
4;Zloty Personal Loan Account;2021-02-01;2021-02-02;Shoes;13347;2021-02-02;2021-02-02;2021-02-01;Awesome Plastic Sausages;haptic withdrawal;neural executive Tuna;../fake-data/blob/hipster.png;image/png;2021-02-01;../fake-data/blob/hipster.png;image/png;North Carolina transmitting;2021-02-01;Generic Shirt;integrated;../fake-data/blob/hipster.png;image/png;2021-02-01;2021-02-01;2021-02-01;Montserrat multi-state Home Loan Account
5;synthesizing niches Fantastic;2021-02-01;2021-02-02;Jewelery Bedfordshire;56900;2021-02-01;2021-02-01;2021-02-01;withdrawal programming;Cambridgeshire Valleys;Dynamic Markets overriding;../fake-data/blob/hipster.png;image/png;2021-02-01;../fake-data/blob/hipster.png;image/png;orchid;2021-02-01;payment;Implementation;../fake-data/blob/hipster.png;image/png;2021-02-01;2021-02-02;2021-02-01;core Mouse Handmade
6;backing up extranet indigo;2021-02-01;2021-02-02;streamline azure;67516;2021-02-02;2021-02-02;2021-02-01;Awesome Wooden Sausages generate;Concrete orchestrate;Soft Corporate bypassing;../fake-data/blob/hipster.png;image/png;2021-02-01;../fake-data/blob/hipster.png;image/png;FTP Illinois leading-edge;2021-02-01;feed Director;synthesizing;../fake-data/blob/hipster.png;image/png;2021-02-01;2021-02-02;2021-02-02;Electronics Luxembourg
7;Minnesota;2021-02-01;2021-02-01;tan;57818;2021-02-01;2021-02-02;2021-02-01;Security Frozen;Unbranded;Engineer Berkshire;../fake-data/blob/hipster.png;image/png;2021-02-01;../fake-data/blob/hipster.png;image/png;Guinea Franc;2021-02-02;Cambodia Gloves;connect initiative;../fake-data/blob/hipster.png;image/png;2021-02-01;2021-02-01;2021-02-01;Money Market Account Belize
8;Gold Configuration tan;2021-02-01;2021-02-01;coherent;12878;2021-02-02;2021-02-01;2021-02-02;HTTP;online Music application;Indonesia;../fake-data/blob/hipster.png;image/png;2021-02-01;../fake-data/blob/hipster.png;image/png;Steel relationships;2021-02-01;Brand XSS Shoes;Industrial Personal Loan Account Representative;../fake-data/blob/hipster.png;image/png;2021-02-01;2021-02-02;2021-02-01;Gibraltar Monitored Mount
9;payment Electronics;2021-02-02;2021-02-02;Technician;94757;2021-02-02;2021-02-01;2021-02-01;synthesizing Buckinghamshire;solid state Kansas;Checking Account Berkshire;../fake-data/blob/hipster.png;image/png;2021-02-01;../fake-data/blob/hipster.png;image/png;Frozen Japan;2021-02-01;Directives Mauritius;Alaska backing up sensor;../fake-data/blob/hipster.png;image/png;2021-02-01;2021-02-01;2021-02-01;Pizza
10;Gloves;2021-02-01;2021-02-01;Home;56367;2021-02-02;2021-02-02;2021-02-02;interfaces generate;Armenia 24/7 composite;technologies Research Kuwait;../fake-data/blob/hipster.png;image/png;2021-02-01;../fake-data/blob/hipster.png;image/png;action-items;2021-02-01;Awesome Fresh Fish;Florida discrete interface;../fake-data/blob/hipster.png;image/png;2021-02-02;2021-02-01;2021-02-02;Buckinghamshire Frozen
